{
  "missing": {
    "eliminadas": [
      "G23",
      "B5",
      "G22",
      "B33",
      "B2_25",
      "B2_7",
      "E20",
      "C23_1",
      "C23_2",
      "C23_3",
      "C23_4",
      "B2_21"
    ],
    "imputadas_mediana": {
      "G11": 3.0,
      "G12": 2.0,
      "G6": 2.0,
      "G13": 3.0,
      "G8": 1.0,
      "D2": 3.0,
      "G5": 2.0,
      "G7": 1.0,
      "D21": 3.0,
      "C24": 2.0,
      "D30": 3.0,
      "B11": 1.0,
      "B3": 2.0,
      "G31": 5.0,
      "B31": 1.0
    },
    "imputadas_moda": {
      "S_Age": 3.0,
      "S_Income": 3.0,
      "S_Education": 2.0,
      "D3": 2.0
    },
    "pct_missing_inicial": {
      "NFCSID": 0.0,
      "A1": 0.0,
      "A2": 0.708215297450425,
      "A3": 0.0,
      "B2_1": 2.26628895184136,
      "B2_2": 5.13456090651558,
      "B2_3": 3.8951841359773374,
      "B2_4": 7.471671388101983,
      "B2_5": 3.7535410764872523,
      "B2_7": 6.869688385269122,
      "B2_20": 2.939093484419263,
      "B2_21": 7.8257790368271944,
      "B2_23": 4.426345609065155,
      "B2_24": 5.913597733711049,
      "B2_25": 6.975920679886685,
      "B30": 1.41643059490085,
      "B31": 9.560906515580736,
      "B3": 9.525495750708215,
      "B32": 5.240793201133145,
      "B4": 5.099150141643059,
      "B5": 42.740793201133144,
      "B6": 0.3186968838526912,
      "B20": 0.141643059490085,
      "B33": 39.199716713881024,
      "B34": 0.56657223796034,
      "B10": 2.4433427762039663,
      "B11": 13.881019830028329,
      "B35": 3.186968838526912,
      "B23": 0.5311614730878187,
      "B24": 21.211048158640228,
      "B25": 1.1685552407932012,
      "B26": 13.59773371104816,
      "C22_1": 2.3725212464589234,
      "C22_2": 1.8413597733711047,
      "C22_3": 1.69971671388102,
      "C22_4": 1.2747875354107647,
      "C23_1": 10.056657223796034,
      "C23_2": 11.296033994334277,
      "C23_3": 16.678470254957507,
      "C23_4": 9.773371104815865,
      "C24": 20.75070821529745,
      "C25": 21.635977337110482,
      "C26": 6.055240793201133,
      "C30": 6.303116147308782,
      "C7": 1.8413597733711047,
      "D1_1": 3.3640226628895182,
      "D1_2": 5.240793201133145,
      "D2": 21.95467422096317,
      "D3": 6.975920679886685,
      "D21": 15.864022662889518,
      "D30": 13.845609065155806,
      "D31": 1.1685552407932012,
      "E1_1": 4.815864022662889,
      "E20": 26.1685552407932,
      "E5": 4.886685552407933,
      "E6": 4.780453257790368,
      "F30_1": 3.2223796033994336,
      "F30_2": 3.6473087818696883,
      "F30_3": 3.7181303116147304,
      "F30_4": 2.8328611898017,
      "F30_5": 2.4433427762039663,
      "F30_6": 3.2577903682719547,
      "F30_7": 3.080736543909348,
      "F30_8": 3.3640226628895182,
      "F30_9": 3.009915014164306,
      "F30_10": 4.320113314447592,
      "F30_11": 4.497167138810198,
      "F30_12": 2.4079320113314444,
      "F31_1": 0.6019830028328611,
      "F31_2": 0.7436260623229463,
      "F31_3": 1.0977337110481586,
      "F31_4": 0.6019830028328611,
      "F31_5": 0.7436260623229463,
      "F31_6": 0.8144475920679887,
      "F31_7": 1.3101983002832862,
      "F31_8": 0.9915014164305949,
      "F31_9": 1.1685552407932012,
      "F31_10": 0.84985835694051,
      "F31_11": 1.3810198300283285,
      "G1": 0.9206798866855523,
      "G2": 0.6373937677053824,
      "G30_1": 2.4787535410764874,
      "G30_2": 2.0184135977337108,
      "G30_3": 3.186968838526912,
      "G30_4": 5.736543909348442,
      "G30_5": 5.878186968838526,
      "G30_6": 4.072237960339943,
      "G31": 10.55240793201133,
      "G4": 6.763456090651558,
      "G5": 19.157223796033996,
      "G6": 26.062322946175637,
      "G7": 12.393767705382436,
      "G21": 11.3314447592068,
      "G8": 24.008498583569406,
      "G22": 39.76628895184136,
      "G11": 29.21388101983003,
      "G12": 27.19546742209632,
      "G13": 25.035410764872523,
      "G23": 52.230878186968845,
      "H31": 1.5580736543909348,
      "WGT1": 0.0,
      "S_Gender2": 0.0,
      "S_Age": 0.0,
      "S_Ethnicity": 0.0,
      "S_Education": 0.0,
      "S_Income": 0.0
    }
  },
  "outliers": {
    "WGT1": {
      "orig_range": [
        0.547489916262363,
        3.74100250901572
      ],
      "new_range": [
        0.547489916262363,
        3.74100250901572
      ],
      "winsor_limits": [
        0.01,
        0.01
      ]
    },
    "B4_log": {
      "transformacion": "np.log1p(B4)",
      "orig_skew": -0.5843164895581131,
      "new_skew": -1.3912883917012917
    }
  },
  "types": {
    "G2": "CategoricalDtype (ordenado)",
    "B24": "CategoricalDtype (ordenado)",
    "B4": "CategoricalDtype (ordenado)",
    "C25": "CategoricalDtype (ordenado)"
  },
  "final_cleaning_shape": [
    2824,
    92
  ]
}